﻿<?xml version="1.0" encoding="UTF-8" standalone="yes"?>
<addon id="repo.CORINTHIANS.MINHA.VIDA" name="[COLOR white][B]CORINTHIANS[/B][/COLOR] [COLOR black][B]MINHA VIDA[/B][/COLOR]" version="1.0" provider-name="repo.CORINTHIANS.MINHA.VIDA">
<requires>
    <import addon="xbmc.python" version="2.1.0"/>
    <import addon="script.module.beautifulsoup" version="3.2.1"/>
    <import addon="script.module.simple.downloader" version="0.9.4"/>
    <import addon="script.module.t0mm0.common" version="2.0.0"/>
    <import addon="script.module.beautifulsoup4" />
    <import addon="script.module.requests" />
    <import addon="script.module.httplib2" />
    <import addon="script.module.simple.downloader" version="0.9.4"/>
    <import addon="script.module.urlresolver" />
    <import addon="script.module.simplejson" />    
    <import addon="script.module.livestreamer"/>
    <import addon="script.module.pyamf"/>
    <import addon="script.common.plugin.cache" version="2.5.2"/>
    <import addon="script.module.metahandler" version="2.5.1"/>
	<import addon="script.module.addon.common" />
	<import addon="script.module.addon.signals" version="0.0.1"/>
	<import addon="script.module.youtube.dl"/>
	</requires>
	<extension point="xbmc.addon.repository" name="Repositorio CORINTHIANS MINHA VIDA">
		<info compressed="false">https://raw.githubusercontent.com/bau-do-coringao/CORINTHIANS-MINHA-VIDA/master/addons.xml</info>
		<checksum>https://raw.githubusercontent.com/bau-do-coringao/CORINTHIANS-MINHA-VIDA/master/addon.md5</checksum>
		<datadir zip="true">https://raw.githubusercontent.com/bau-do-coringao/CORINTHIANS-MINHA-VIDA/master/plugins/</datadir>
	</extension>
	<extension point="xbmc.addon.metadata">
	  <news>[COLOR white]O primeiro repositorio do Corinthians para vocês se divertirem[/COLOR]</news>
		<summary>REPOSITORIO CORINTHIANS MINHA VIDA</summary>
		<description>[COLOR mediumblue][B]UM REPOSITORIO FEITO PARA QUEM AMA MUITO O CORINTHIANS, TUDO SEM FINS LUCRATIVOS[/B][/COLOR]</description>
		<disclaimer></disclaimer>
		<platform>all</platform>
	</extension>
</addon>